<?xml version="1.0" encoding="UTF-8"?>
<!DOCTYPE mapper PUBLIC "-//mybatis.org//DTD Mapper 3.0//EN" "http://mybatis.org/dtd/mybatis-3-mapper.dtd" >
<mapper namespace="com.hr.xiaoqiang.dao.PostDAO">
    <resultMap id="map1" type="Post">
        <id property="id" column="id"></id>
        <result property="pid" column="pid"/>
        <result property="postName" column="post_name"/>
        <association property="dept" javaType="Dept">
            <id property="id" column="bId"></id>
            <result property="deptment" column="deptment"/>
        </association>
    </resultMap>

    <select id="getPostList" resultMap="map1">
        SELECT a.id, b.deptment,a.pid,b.id bId,a.post_name FROM post a
        INNER JOIN dept b ON a.pid=b.id
    </select>

    <insert id="addPost" parameterType="Post">
        insert into post(pid,post_name) values(#{pid},#{postName})
    </insert>

    <select id="getPostListByPid" resultType="Post" parameterType="Post">
        select id,pid,post_name postName from post where pid=#{pId}
    </select>
</mapper>