<?xml version="1.0" encoding="UTF-8"?>
<!DOCTYPE mapper PUBLIC "-//mybatis.org//DTD Mapper 3.0//EN" "http://mybatis.org/dtd/mybatis-3-mapper.dtd" >
<mapper namespace="com.hr.xiaoqiang.dao.StaffDAO">


    <select id="getStaffList" parameterType="Staff" resultType="Staff">
    SELECT
    a.id,
    NAME name,
    sex,
    DATE date,
    dept_id deptId,
    b.deptment,
    post_id postId,
    c.post_name postName
     FROM staff a LEFT JOIN dept b ON a.dept_id=b.id
LEFT JOIN post c ON a.post_id=c.id
<where>
    <if test="deptId!=null">and dept_id=#{deptId}</if>
    <if test="postId!=null">and post_id=#{postId}</if>
    <if test="name!=null and name!=''">and NAME like concat('%',#{name},'%')</if>
</where>
</select>

    <insert id="addStaff" parameterType="Staff">
        insert into staff(name,sex,date,dept_id,post_id) values(#{name},#{sex},#{date},#{deptId},#{postId})
    </insert>

</mapper>