<?xml version="1.0" encoding="UTF-8"?>
<beans xmlns="http://www.springframework.org/schema/beans"
       xmlns:xsi="http://www.w3.org/2001/XMLSchema-instance"
       xmlns:context="http://www.springframework.org/schema/context" xmlns:tx="http://www.springframework.org/schema/tx"
       xmlns:aop="http://www.springframework.org/schema/aop"
       xsi:schemaLocation="http://www.springframework.org/schema/beans http://www.springframework.org/schema/beans/spring-beans.xsd http://www.springframework.org/schema/context http://www.springframework.org/schema/context/spring-context.xsd http://www.springframework.org/schema/tx http://www.springframework.org/schema/tx/spring-tx.xsd http://www.springframework.org/schema/aop http://www.springframework.org/schema/aop/spring-aop.xsd">
    <!--用来加载配置文件的-->
    <context:property-placeholder location="jdbc.properties" ignore-unresolvable="true"/>
    <!--让spring从配置文件中读取连接信息-->
    <bean id="dataSource" class="org.springframework.jdbc.datasource.DriverManagerDataSource">
        <property name="username" value="${jdbc.username}"/>
        <property name="password" value="${jdbc.password}"/>
        <property name="url" value="${jdbc.url}"/>
        <property name="driverClassName" value="${jdbc.driver}"/>
    </bean>

    <bean id="sessionFactory" class="org.mybatis.spring.SqlSessionFactoryBean">
        <property name="dataSource" ref="dataSource"/>
        <property name="typeAliasesPackage" value="com.hr.xiaoqiang.pojo"/>
        <property name="mapperLocations" value="classpath:com/hr/xiaoqiang/dao/*.xml"/>
        <property name="plugins">
            <array>
                <bean class="com.github.pagehelper.PageHelper">
                    <property name="properties">
                        <value>
                            dialect=mysql
                            reasonable=true
                        </value>
                    </property>
                </bean>
            </array>
        </property>
    </bean>

    <!--批量扫描dao接口-->
    <bean class="org.mybatis.spring.mapper.MapperScannerConfigurer">
        <property name="basePackage" value="com.hr.xiaoqiang.dao"/>
    </bean>
    <!--批量扫描service-->
    <context:component-scan base-package="com.hr.xiaoqiang.service"></context:component-scan>

    <!--配置声明式事务-->
    <bean id="transactionManager" class="org.springframework.jdbc.datasource.DataSourceTransactionManager">
        <property name="dataSource" ref="dataSource"/>
    </bean>
    <!--事务传播机制和隔离级别-->
    <tx:advice id="txAdvice" transaction-manager="transactionManager">
        <tx:attributes>
            <tx:method name="add*" rollback-for="Exception"/>
            <tx:method name="update*" rollback-for="Exception"/>
            <tx:method name="delete*" rollback-for="Exception"/>
            <tx:method name="get*" read-only="true" isolation="REPEATABLE_READ"/>
        </tx:attributes>
    </tx:advice>
    <!--在service的所有方法上，添加事务增强-->
    <aop:config>
        <aop:pointcut id="point" expression="execution(* com.hr.xiaoqiang.service..*(..))"/>
        <aop:advisor advice-ref="txAdvice" pointcut-ref="point"/>
    </aop:config>
</beans>