<?xml version="1.0" encoding="UTF-8"?>
<!DOCTYPE configuration
        PUBLIC "-//mybatis.org//DTD Config 3.0//EN"
        "http://mybatis.org/dtd/mybatis-3-config.dtd">
<configuration>
    <typeAliases>
        <typeAlias type="com.test.exam.pojo.AccountType" alias="AccountType"/>
        <typeAlias type="com.test.exam.pojo.WechatAccount" alias="WechatAccount"/>
        <typeAlias type="com.test.exam.pojo.AccountCriteria" alias="AccountCriteria"/>
    </typeAliases>
    <plugins>
        <!-- PageHelper4.1.1 -->
        <plugin interceptor="com.github.pagehelper.PageHelper">
            <property name="dialect" value="mysql"/><!--数据库方言-->
            <!-- 3.3.0版本可用 - 分页参数合理化，默认false禁用 -->
            <!-- 启用合理化时，如果pageNum<1会查询第一页，如果pageNum>pages会查询最后一页 -->
            <!-- 禁用合理化时，如果pageNum<1或pageNum>pages会返回空数据 -->
            <property name="reasonable" value="true"/>
        </plugin>
    </plugins>
    <environments default="development">
        <environment id="development">
            <transactionManager type="JDBC"/>
            <dataSource type="POOLED">
                <!-- 数据库连接信息 -->
                <property name="driver" value="com.mysql.jdbc.Driver"/>
                <property name="url"
                          value="jdbc:mysql://10.9.63.171:3306/1811?characterEncoding=UTF-8"/>
                <property name="username" value="root"/>
                <property name="password" value="root"/>
            </dataSource>
        </environment>
    </environments>

    <mappers>
        <mapper resource="com/test/exam/dao/mapper/TypeMapper.xml"/>
        <mapper resource="com/test/exam/dao/mapper/AccountMapper.xml"/>
    </mappers>
</configuration>